Year,MaxHigh
2012,77.599998
2013,81.370003
2014,88.089996
2015,90.970001
2016,75.190002
